seccion,pregunta_codigo,placeholder_texto,valor_actual,posible_problema,estado_actual
Sección 3. Formación Continua (Pregunta F6),Temáticas de capacitación (F6),Temática 1….. / Temática 2….,"Los graduados expresaron interés en recibir capacitación en las siguientes temáticas: (Lista de 15 temas como Laboratorio, Epidemiología, Clínica, etc.)",La plantilla de posgrado contenía marcadores genéricos 'Temática 1' y 'Temática 2'. Se añadió una regla específica para poblar la lista real de temas (F6) y limpiar el marcador sobrante.,RESUELTO
Sección 3. Formación Continua (Pregunta a empleadores),Capacitación requerida (Conocimientos en …),Conocimientos en …,"Los empleadores consultados sugirieron las siguientes temáticas clave de capacitación: Trabajo en equipo, Gestión pública, Nuevas tecnologías, Clínica/Cirugía...","El informe 36 sí cuenta con encuestas de empleadores (5 encuestas), por lo que se cargaron con éxito las sugerencias de la base de datos sin activar el fallback.",RESUELTO
Sección 4. Valoración del Desempeño Profesional (Cargos),Cargos de los graduados (C1),...,"Los cargos reportados por los empleadores para los graduados de la carrera incluyen: Abogado, Docente de grado, Auditor interno.",Los cargos se poblaron con éxito a partir de las 5 encuestas de empleadores correspondientes.,RESUELTO
Sección 4. Valoración del Desempeño Profesional (Funciones),Funciones de los graduados (C2),...,"Las funciones principales que desempeñan los graduados en sus puestos incluyen: Veterinario, Abogada en libre ejercicio, Docente tutor, etc.",Las funciones se poblaron con éxito a partir de las 5 encuestas de empleadores correspondientes.,RESUELTO
Sección 4. Apoyo Institucional para estudios de posgrado,Apoyo institucional recibido,Los …..,"Los datos muestran que el 20,00% (1 personas) recibió apoyo total, el 60,00% (3 personas) indica apoyo parcial...",El informe 36 contiene respuestas de apoyo válidas. El actualizador procesó correctamente los porcentajes reales.,RESUELTO
Sección 4. Valoración del Desempeño Profesional - Capacitación,Sugerencias de capacitación (Pregunta E1),….,"Los empleadores consultados sugirieron las siguientes temáticas clave de capacitación: Trabajo en equipo, Gestión pública, Nuevas tecnologías, Clínica/Cirugía...","Con la regla corregida y la presencia de 5 encuestas de empleadores, se insertó la lista correspondiente de sugerencias.",RESUELTO
Sección 4. Percepción de la Demanda de Profesionales,Demanda de profesionales (Pregunta B3),N/A,Los 5 empleadores consultados no registraron información cuantificable sobre la percepción de la demanda...,"El informe cuenta con 5 encuestas pero no registraron respuestas válidas sobre la escala de demanda (Alta, Media, Baja). La frase adaptada reporta correctamente a los '5 empleadores' reales sin harcodear 10.",RESUELTO
Sección 4. Participación y redes (Pregunta F13),Nombres de redes (F13),Los graduados pertenecen a las siguientes redes: ….,"Los graduados del programa pertenecen a las siguientes redes de conocimiento e innovación: Gisa, CiDina.",La plantilla de posgrado contenía el marcador 'Los graduados pertenecen...'. Se implementó una regla específica (24c) para buscar y poblar las redes reales registradas.,RESUELTO
Tabla 13. Percepción de la Demanda (Graduados),Total de graduados encuestados en tabla,14,Total | 15 | 100%,"La celda de total de la tabla estaba desactualizada en la plantilla (mostraba 14, pero la suma real de las frecuencias de la tabla es 15, coincidiendo con los 15 graduados encuestados). Se agregó la regla para calcular y actualizar dinámicamente la fila total.",RESUELTO
